<?xml version="1.0" encoding="UTF-8"?>
<beans xmlns:eip="http://servicemix.apache.org/eip/1.0" xmlns="http://xbean.org/schemas/spring/1.0"
	xmlns:wsb="http://wrapper.laboratory.unitn.it" xmlns:tns="http://it.unitn/">


	<!-- Ricevo la richiesta inviata al Web Service Endpoint e la invio al componente 
		di routing content-base-router -->
	<eip:static-routing-slip service="tns:processEventRequest"
		endpoint="staticRouting">
		<eip:targets>
			<eip:exchange-target service="tns:beanLogEvent"
				endpoint="LogEvent" operation="logEvent" />

			<eip:exchange-target service="tns:splitDifferentEvents" />
		</eip:targets>

	</eip:static-routing-slip>

	<!-- Instrado l'evento al mapping associato -->
	<eip:content-based-router service="tns:splitDifferentEvents"
		endpoint="endpoint">
		<eip:rules>
			<eip:routing-rule>
				<eip:predicate>
					<!-- CSI: Evento Inserimento Variazione Anagrafica -->
					<eip:xpath-predicate xpath="/*[//Descrizione/TipoEventoCod=1]" />
				</eip:predicate>
				<eip:target>
					<eip:exchange-target service="tns:mapInserimentoVariazioneAnagrafica"
						endpoint="IVA" />
				</eip:target>
			</eip:routing-rule>
			<eip:routing-rule>
				<eip:predicate>
					<!-- CSI: Evento Inserimento Variazione Nucleo Fatto -->
					<eip:xpath-predicate xpath="/*[//Descrizione/TipoEventoCod=2]" />
				</eip:predicate>
				<eip:target>
					<eip:exchange-target service="tns:mapInserimentoVariazioneNucleoFatto"
						endpoint="IVNF" />
				</eip:target>
			</eip:routing-rule>
			<eip:routing-rule>
				<eip:predicate>
					<!-- CSI: Evento Scheda Accesso -->
					<eip:xpath-predicate xpath="/*[//Descrizione/TipoEventoCod=3]" />
				</eip:predicate>
				<eip:target>
					<eip:exchange-target service="tns:mapSchedaAccesso"
						endpoint="SA" />
				</eip:target>
			</eip:routing-rule>
			<eip:routing-rule>
				<eip:predicate>
					<!-- CSI: Evento Inizio Presa in Carico -->
					<eip:xpath-predicate xpath="/*[//Descrizione/TipoEventoCod=4]" />
				</eip:predicate>
				<eip:target>
					<eip:exchange-target service="tns:mapPresaInCarico"
						endpoint="PC" />
				</eip:target>
			</eip:routing-rule>
			<eip:routing-rule>
				<eip:predicate>
					<!-- CSI: Evento Fine Presa In Carico -->
					<eip:xpath-predicate xpath="/*[//Descrizione/TipoEventoCod=5]" />
				</eip:predicate>
				<eip:target>
					<eip:exchange-target service="tns:mapFinePresaInCarico"
						endpoint="FPC" />
				</eip:target>
			</eip:routing-rule>
			<eip:routing-rule>
				<eip:predicate>
					<!-- CSI: Evento Assegnazione Area Utenza -->
					<eip:xpath-predicate xpath="/*[//Descrizione/TipoEventoCod=6]" />
				</eip:predicate>
				<eip:target>
					<eip:exchange-target service="tns:mapAssegnazioneAreaUtenza"
						endpoint="AAU" />
				</eip:target>
			</eip:routing-rule>
			<eip:routing-rule>
				<eip:predicate>
					<!-- CSI: Evento Revoca Area Utenza -->
					<eip:xpath-predicate xpath="/*[//Descrizione/TipoEventoCod=7]" />
				</eip:predicate>
				<eip:target>
					<eip:exchange-target service="tns:mapRevocaAreaUtenza"
						endpoint="RAU" />
				</eip:target>
			</eip:routing-rule>
			<eip:routing-rule>
				<eip:predicate>
					<!-- GA: Evento Inserimento Variazione Anagrafica -->
					<eip:xpath-predicate xpath="/*[//Descrizione/TipoEventoCod=8]" />
				</eip:predicate>
				<eip:target>
					<eip:exchange-target service="tns:mapInserimentoVariazioneAnagrafica"
						endpoint="IVA" />
				</eip:target>
			</eip:routing-rule>
			<eip:routing-rule>
				<eip:predicate>
					<!-- GA: Evento Ricezione Domanda Amministrativa -->
					<eip:xpath-predicate xpath="/*[//Descrizione/TipoEventoCod=9]" />
				</eip:predicate>
				<eip:target>
					<eip:exchange-target service="tns:mapRicezioneDomandaAmministrativa"
						endpoint="RDA" />
				</eip:target>
			</eip:routing-rule>
			<eip:routing-rule>
				<eip:predicate>
					<!-- CD: Evento Fatturazione Periodica -->
					<eip:xpath-predicate xpath="/*[//Descrizione/TipoEventoCod=10]" />
				</eip:predicate>
				<eip:target>
					<eip:exchange-target service="tns:mapFatturazionePeriodica"
						endpoint="FP" />
				</eip:target>
			</eip:routing-rule>
		</eip:rules>
	</eip:content-based-router>
	
	<eip:static-routing-slip service="tns:mapFatturazionePeriodica"
		endpoint="FP">
		<eip:targets>
			<eip:exchange-target service="tns:mappingFP"
				endpoint="mappingFP"></eip:exchange-target>

			<eip:exchange-target service="tns:forwardToDWH"
				endpoint="DWH" />
		</eip:targets>
	</eip:static-routing-slip>
	
	<eip:static-routing-slip service="tns:mapRicezioneDomandaAmministrativa"
		endpoint="RDA">
		<eip:targets>
			<eip:exchange-target service="tns:mappingRDA"
				endpoint="mappingRDA"></eip:exchange-target>

			<eip:exchange-target service="tns:forwardToDWH"
				endpoint="DWH" />
		</eip:targets>
	</eip:static-routing-slip>

	<eip:static-routing-slip service="tns:mapSchedaAccesso"
		endpoint="SA">
		<eip:targets>
			<eip:exchange-target service="tns:mappingSA"
				endpoint="mappingSA"></eip:exchange-target>

			<eip:exchange-target service="tns:forwardToDWH"
				endpoint="DWH" />
		</eip:targets>
	</eip:static-routing-slip>

	<eip:static-routing-slip service="tns:mapInserimentoVariazioneNucleoFatto"
		endpoint="IVNF">
		<eip:targets>
			<eip:exchange-target service="tns:mappingIVNF"
				endpoint="mappingIVNF"></eip:exchange-target>

			<eip:exchange-target service="tns:forwardToDWH"
				endpoint="DWH" />
		</eip:targets>
	</eip:static-routing-slip>


	<eip:static-routing-slip service="tns:mapInserimentoVariazioneAnagrafica"
		endpoint="IVA">
		<eip:targets>
			<eip:exchange-target service="tns:mappingIVA"
				endpoint="mappingIVA"></eip:exchange-target>

			<eip:exchange-target service="tns:forwardToDWH"
				endpoint="DWH" />
		</eip:targets>
	</eip:static-routing-slip>

	<eip:static-routing-slip service="tns:mapPresaInCarico"
		endpoint="PC">
		<eip:targets>
			<eip:exchange-target service="tns:mappingPC"
				endpoint="mappingPC"></eip:exchange-target>

			<eip:exchange-target service="tns:forwardToDWH"
				endpoint="DWH" />
		</eip:targets>
	</eip:static-routing-slip>

	<eip:static-routing-slip service="tns:mapFinePresaInCarico"
		endpoint="FPC">
		<eip:targets>
			<eip:exchange-target service="tns:mappingFPC"
				endpoint="mappingFPC"></eip:exchange-target>

			<eip:exchange-target service="tns:forwardToDWH"
				endpoint="DWH" />
		</eip:targets>
	</eip:static-routing-slip>

	<eip:static-routing-slip service="tns:mapAssegnazioneAreaUtenza"
		endpoint="AAU">
		<eip:targets>
			<eip:exchange-target service="tns:mappingAAU"
				endpoint="mappingAAU"></eip:exchange-target>

			<eip:exchange-target service="tns:forwardToDWH"
				endpoint="DWH" />
		</eip:targets>
	</eip:static-routing-slip>

	<eip:static-routing-slip service="tns:mapRevocaAreaUtenza"
		endpoint="RAU">
		<eip:targets>
			<eip:exchange-target service="tns:mappingRAU"
				endpoint="mappingRAU"></eip:exchange-target>

			<eip:exchange-target service="tns:forwardToDWH"
				endpoint="DWH" />
		</eip:targets>
	</eip:static-routing-slip>

   <!-- Inoltro l'evento mappato alla DWH tramite WS -->
	<eip:static-routing-slip service="tns:forwardToDWH"
		endpoint="DWH">
		<eip:targets>
			<eip:exchange-target service="tns:beanLogEvent"
				endpoint="LogEvent" operation="logMappedEvent" />

			<eip:exchange-target service="wsb:DwhWS" />

			<eip:exchange-target service="tns:convertDwhResponse"
				endpoint="convertDwhResponse" />
			
			<eip:exchange-target service="tns:beanLogEvent"
				endpoint="LogEvent" operation="logDWHResponse" />
		</eip:targets>
	</eip:static-routing-slip>

</beans>

