<?xml version="1.0" encoding="UTF-8"?>
<beans xmlns:saxon="http://servicemix.apache.org/saxon/1.0"
	xmlns:tns="http://it.unitn/">
	<classpath>
		<location>.</location>
	</classpath>
	<saxon:xslt service="tns:mappingIVA"
				endpoint="mappingIVA" 
				resource="classpath:mapInserimentoVariazioneAnagrafica.xsl"
				result="String"/>
				
	<saxon:xslt service="tns:mappingIVNF"
				endpoint="mappingIVNF" 
				resource="classpath:mapInserimentoVariazioneNucleoFatto.xsl"
				result="String"/>
				
	<saxon:xslt service="tns:convertDwhResponse"
				endpoint="convertDwhResponse" 
				resource="classpath:convertResponseFromDWH.xsl"
				result="String"/>
				
	<saxon:xslt service="tns:mappingSA"
				endpoint="mappingSA" 
				resource="classpath:mapSchedaAccesso.xsl"
				result="String"/>
	
    <saxon:xslt service="tns:mappingPC"
				endpoint="mappingPC" 
				resource="classpath:mapPresaInCarico.xsl"
				result="String"/>
				
	<saxon:xslt service="tns:mappingFPC"
				endpoint="mappingFPC" 
				resource="classpath:mapFinePresaInCarico.xsl"
				result="String"/>
	
   <saxon:xslt service="tns:mappingAAU"
				endpoint="mappingAAU" 
				resource="classpath:mapAssegnazioneAreaUtenza.xsl"
				result="String"/>

   <saxon:xslt service="tns:mappingRAU"
				endpoint="mappingRAU" 
				resource="classpath:mapRevocaAreaUtenza.xsl"
				result="String"/>
				
   <saxon:xslt service="tns:mappingRDA"
				endpoint="mappingRDA" 
				resource="classpath:mapRicezioneDomandaAmministrativa.xsl"
				result="String"/>
				
   <saxon:xslt service="tns:mappingFP"
				endpoint="mappingFP" 
				resource="classpath:mapFatturazionePeriodica.xsl"
				result="String"/>
</beans>
